synonym;medium
Österreichischer Rundfunk;ORF
Österreichische Rundfunk;ORF
ORF Marketing & Creation GmbH & Co KG;ORF
ORF Marketing & Creation GmbH;ORF
ORF Landesstudio Service GmbH & Co KG;ORF
ORF Marketing und Creation GmbH;ORF
ORF-Enterprise GmbH & Co KG;ORF
ORF Enterprises GmbH & Co KG;ORF
ORF Niederösterreich;ORF
ORF Online und Teletext GmbH & Co KG;ORF
ORF Radio Oberösterreich;ORF
Österreichischer Rundfunk, Landesstudio Tirol;ORF
ORF Fernsehprogramm-Service GmbH & Co KG;ORF
ORF Marketing & Creation GmbH & Co KG Hugo-Portisch-Gasse 1 1136 Wien;ORF
ORF Marketing & Creation GmbH & Co KG, Hugo-Portisch-Gasse 1, 1136 Wien;ORF
OMC - ORF Marketing & Creation GmbH & Co KG;ORF
ORF Landesstudio Burgenland;ORF
ORF;ORF
ORF MARKETING & CREATION GmbH & Co KG, OMC;ORF
Österreichischer Rundfunk, ORF, Landesstudio Salzburg;ORF
Österreichischer Rundfunk Stiftung öffentliches Recht;ORF
ORF Enterprise GmbH Co KG;ORF
ORF-Enterprise GmbH & Co. KG;ORF
ORF Burgenland Tour;ORF
ORF Österreichischer Rundfunk;ORF
KRONE - Verlag Gesellschaft m.b.H. & Co. KG.;Kronen Zeitung
Krone Multimedia Gesellschaft m.b.H. & Co. KG.;Kronen Zeitung
KRONEHIT Radio BetriebsgmbH.;Kronen Zeitung
Krone Multimedia GmbH & Co KG;Kronen Zeitung
KRONE-Verlag GmbH & Co. KG;Kronen Zeitung
Krone Verlag Gesellschaft m.b.H. & Co;Kronen Zeitung
KRONE - Verlag Gesellschaft m.b.H. Co KG;Kronen Zeitung
KRONE-Verlag Gesellschaft m.b.H. & Co. KG.;Kronen Zeitung
Ärztekrone Verlagsges.m.b.H.;Kronen Zeitung
KRONE - Verlag Gesellschaft m.b.H. & Co. KG;Kronen Zeitung
KRONE - Verlag Gesellschaft m.b.H. & Co. Vermögensverwaltung KG.;Kronen Zeitung
AHVV Verlags GmbH;Heute
oe24 GmbH & Co KG;Österreich
oe24 Radio GmbH;Österreich
oe24.TV GmbH;Österreich
Mediengruppe "Österreich" GmbH;Österreich
oe24 media group GmbH;Österreich
Mediengruppe Österreich GmbH;Österreich
Mediengruppe ÖSTERREICH GmbH;Österreich
oe24 GmbH;Österreich
Mediengruppe Österreich;Österreich
KURIER Zeitungsverlag und Druckerei Gesellschaft m.b.H.;Kurier
KURIER Redaktionsgesellschaft m.b.H. & Co.;Kurier
KURIER AID AUSTRIA - Verein für nationale und internationale Hilfsaktionen;Kurier
KURIER Zeitungsverlag und Druckerei Ges.m.b.H.;Kurier
Kurier Zeitungsverlag und Druckerei GmbH;Kurier
KURIER Zeitungsverlag und Druckerei GmbH;Kurier
Kurier Mediengesellschaft;Kurier
KURIER Zeitungsverlag und Druckerei Ges.m.b.H;Kurier
Kleine Zeitung GmbH;Kleine Zeitung
Kleine Zeitung GmbH & Co KG;Kleine Zeitung
Kleine Zeitung;Kleine Zeitung
Kleine Zeitung GmbH & Co KG.;Kleine Zeitung
STANDARD Verlagsgesellschaft m.b.H.;Der Standard
STANDARD Verlangsgesellschaft m.b.H.;Der Standard
STANDARD Verlagsgesellschaft m.b.H;Der Standard
"Die Presse" Verlags-Gesellschaft m.b.H. & Co KG;Die Presse
Die Presse Verlags-Gesellschaft m.b.H. & Co KG;Die Presse
Die Presse Verlags-Gesellschaft m.b.H. Co KG;Die Presse
Die Presse Verlags-Gesellschaft m.b.H.& Co KG;Die Presse
"Die Presse" Verlags-Gesellschaft m.b.H.;Die Presse