Bucket,Synonym,Start of Period,End of Period
Chancellor's Office,Bundeskanzleramt,1/1/20,12/31/25
Chancellor's Office,BKA,1/1/20,12/31/25
Chancellor's Office,Kanzleramt,1/1/20,12/31/25
Chancellor's Office,Ballhausplatz,1/1/20,12/31/25
Chancellor's Office,Bundeskanzlerin,1/1/20,12/31/25
Chancellor's Office,Bundeskanzler,1/1/20,12/31/25
Chancellor's Office,Kanzlerin,1/1/20,12/31/25
Chancellor's Office,Kanzler,1/1/20,12/31/25
Chancellor's Office,Regierungschefin,1/1/20,12/31/25
Chancellor's Office,Regierungschef,1/1/20,12/31/25
Chancellor's Office,Kanzleramtsministerin,1/1/20,12/31/25
Chancellor's Office,Kanzleramtsminister,1/1/20,12/31/25
Chancellor's Office,Frauenministerin,1/1/20,12/31/25
Chancellor's Office,Frauenminister,1/1/20,12/31/25
Chancellor's Office,Frauenressort,1/1/20,12/31/25
Finance,Bundesministerium für Finanzen,1/1/20,12/31/25
Finance,BMF,1/1/20,12/31/25
Finance,Finanzministerium,1/1/20,12/31/25
Finance,Finanzressort,1/1/20,12/31/25
Finance,Finanzministerin,1/1/20,12/31/25
Finance,Finanzminister,1/1/20,12/31/25
Finance,Finanzstaatssekretärin,1/1/20,12/31/25
Finance,Finanzstaatssekretär,1/1/20,12/31/25
Defense,Bundesministerium für Landesverteidigung,1/1/20,12/31/25
Defense,BMLV,1/1/20,12/31/25
Defense,Verteidigungsministerium,1/1/20,12/31/25
Defense,Landesverteidigungsministerium,1/1/20,12/31/25
Defense,Verteidigungsressort,1/1/20,12/31/25
Defense,Heeresministerium,1/1/20,12/31/25
Defense,Verteidigungsministerin,1/1/20,12/31/25
Defense,Verteidigungsminister,1/1/20,12/31/25
Defense,Heeresministerin,1/1/20,12/31/25
Defense,Heeresminister,1/1/20,12/31/25
Interior,Bundesministerium für Inneres,1/1/20,12/31/25
Interior,BMI,1/1/20,12/31/25
Interior,Innenministerium,1/1/20,12/31/25
Interior,Innenressort,1/1/20,12/31/25
Interior,Innenministerin,1/1/20,12/31/25
Interior,Innenminister,1/1/20,12/31/25
Justice,Bundesministerium für Justiz,1/1/20,12/31/25
Justice,BMJ,1/1/20,12/31/25
Justice,Justizministerium,1/1/20,12/31/25
Justice,Justizressort,1/1/20,12/31/25
Justice,Justizministerin,1/1/20,12/31/25
Justice,Justizminister,1/1/20,12/31/25
Foreign Affairs,Bundesministerium für europäische und internationale Angelegenheiten,1/1/20,12/31/25
Foreign Affairs,BMEIA,1/1/20,12/31/25
Foreign Affairs,Außenministerium,1/1/20,12/31/25
Foreign Affairs,Außenressort,1/1/20,12/31/25
Foreign Affairs,Außenamt,1/1/20,12/31/25
Foreign Affairs,Europaministerium,1/1/20,12/31/25
Foreign Affairs,Außenministerin,1/1/20,12/31/25
Foreign Affairs,Außenminister,1/1/20,12/31/25
Foreign Affairs,Europaministerin,1/1/20,12/31/25
Foreign Affairs,Europaminister,1/1/20,12/31/25
Health & Social Affairs,"Bundesministerium für Arbeit, Soziales, Gesundheit und Konsumentenschutz",1/1/20,12/31/25
Health & Social Affairs,"Bundesministerium für Soziales, Gesundheit, Pflege und Konsumentenschutz",1/1/20,12/31/25
Health & Social Affairs,"Bundesministerium für Arbeit, Soziales, Gesundheit, Pflege und Konsumentenschutz",1/1/20,12/31/25
Health & Social Affairs,BMSGPK,1/1/20,12/31/25
Health & Social Affairs,BMASGK,1/1/20,12/31/25
Health & Social Affairs,BMAFJ,1/1/20,12/31/25
Health & Social Affairs,Gesundheitsministerium,1/1/20,12/31/25
Health & Social Affairs,Sozialministerium,1/1/20,12/31/25
Health & Social Affairs,Pflegeministerium,1/1/20,12/31/25
Health & Social Affairs,Konsumentenschutzministerium,1/1/20,12/31/25
Health & Social Affairs,Familienministerium,1/1/20,12/31/25
Health & Social Affairs,Jugendministerium,1/1/20,12/31/25
Health & Social Affairs,Gesundheitsressort,1/1/20,12/31/25
Health & Social Affairs,Sozialressort,1/1/20,12/31/25
Health & Social Affairs,Gesundheitsministerin,1/1/20,12/31/25
Health & Social Affairs,Gesundheitsminister,1/1/20,12/31/25
Health & Social Affairs,Sozialministerin,1/1/20,12/31/25
Health & Social Affairs,Sozialminister,1/1/20,12/31/25
Health & Social Affairs,Pflegeministerin,1/1/20,12/31/25
Health & Social Affairs,Pflegeminister,1/1/20,12/31/25
Health & Social Affairs,Familienministerin,1/1/20,12/31/25
Health & Social Affairs,Familienminister,1/1/20,12/31/25
Health & Social Affairs,Jugendministerin,1/1/20,12/31/25
Health & Social Affairs,Jugendminister,1/1/20,12/31/25
Health & Social Affairs,Konsumentenschutzministerin,1/1/20,12/31/25
Health & Social Affairs,Konsumentenschutzminister,1/1/20,12/31/25
Health & Social Affairs,Arbeitsministerin,1/1/20,7/17/22
Health & Social Affairs,Arbeitsminister,1/1/20,7/17/22
Health & Social Affairs,Arbeitsministerium,1/1/20,7/17/22
Health & Social Affairs,Arbeitsministerium,4/1/25,12/31/25
Health & Social Affairs,Arbeitsministerin,4/1/25,12/31/25
Health & Social Affairs,Arbeitsminister,4/1/25,12/31/25
Education & Science,"Bundesministerium für Bildung, Wissenschaft und Forschung",1/1/20,12/31/25
Education & Science,Bundesministerium für Bildung,1/1/20,12/31/25
Education & Science,"Bundesministerium für Frauen, Wissenschaft und Forschung",1/1/20,12/31/25
Education & Science,BMBWF,1/1/20,12/31/25
Education & Science,BMB,1/1/20,12/31/25
Education & Science,BMFWF,1/1/20,12/31/25
Education & Science,Bildungsministerium,1/1/20,12/31/25
Education & Science,Wissenschaftsministerium,1/1/20,12/31/25
Education & Science,Forschungsministerium,1/1/20,12/31/25
Education & Science,Unterrichtsministerium,1/1/20,12/31/25
Education & Science,Bildungsressort,1/1/20,12/31/25
Education & Science,Wissenschaftsressort,1/1/20,12/31/25
Education & Science,Bildungsministerin,1/1/20,12/31/25
Education & Science,Bildungsminister,1/1/20,12/31/25
Education & Science,Wissenschaftsministerin,1/1/20,12/31/25
Education & Science,Wissenschaftsminister,1/1/20,12/31/25
Education & Science,Unterrichtsministerin,1/1/20,12/31/25
Education & Science,Unterrichtsminister,1/1/20,12/31/25
Education & Science,Forschungsministerin,1/1/20,12/31/25
Education & Science,Forschungsminister,1/1/20,12/31/25
Education & Science,Frauenministerium,4/1/25,12/31/25
Education & Science,Frauenministerin,4/1/25,12/31/25
Education & Science,Frauenminister,4/1/25,12/31/25
Education & Science,Frauenressort,4/1/25,12/31/25
Economy,Bundesministerium für Digitalisierung und Wirtschaftsstandort,1/1/20,12/31/25
Economy,Bundesministerium für Arbeit und Wirtschaft,1/1/20,12/31/25
Economy,"Bundesministerium für Wirtschaft, Energie und Tourismus",1/1/20,12/31/25
Economy,BMDW,1/1/20,12/31/25
Economy,BMAW,1/1/20,12/31/25
Economy,BMWET,1/1/20,12/31/25
Economy,Wirtschaftsministerium,1/1/20,12/31/25
Economy,Digitalisierungsministerium,1/1/20,12/31/25
Economy,Wirtschaftsressort,1/1/20,12/31/25
Economy,Wirtschaftsministerin,1/1/20,12/31/25
Economy,Wirtschaftsminister,1/1/20,12/31/25
Economy,Digitalisierungsministerin,1/1/20,12/31/25
Economy,Digitalisierungsminister,1/1/20,12/31/25
Economy,Wirtschaftsstaatssekretärin,1/1/20,12/31/25
Economy,Wirtschaftsstaatssekretär,1/1/20,12/31/25
Economy,Arbeitsministerin,7/18/22,3/31/25
Economy,Arbeitsminister,7/18/22,3/31/25
Economy,Arbeitsministerium,7/18/22,3/31/25
Economy,Tourismusministerin,4/1/25,12/31/25
Economy,Tourismusminister,4/1/25,12/31/25
Economy,Tourismusministerium,4/1/25,12/31/25
Economy,Energieministserin,4/1/25,12/31/25
Economy,Energieminister,4/1/25,12/31/25
Economy,Energieministerium,4/1/25,12/31/25
Agriculture & Environment,Bundesministerium für Nachhaltigkeit und Tourismus,1/1/20,12/31/25
Agriculture & Environment,"Bundesministerium für Landwirtschaft, Regionen und Tourismus",1/1/20,12/31/25
Agriculture & Environment,"Bundesministerium für Land- und Forstwirtschaft, Regionen und Wasserwirtschaft",1/1/20,12/31/25
Agriculture & Environment,"Bundesministerium für Verkehr, Innovation und Technologie",1/1/20,12/31/25
Agriculture & Environment,"Bundesministerium für Klimaschutz, Umwelt, Energie, Mobilität, Innovation und Technologie",1/1/20,12/31/25
Agriculture & Environment,"Bundesministerium für Innovation, Mobilität und Infrastruktur",1/1/20,12/31/25
Agriculture & Environment,"Bundesministerium für Land- und Forstwirtschaft, Klima- und Umweltschutz, Regionen und Wasserwirtschaft",1/1/20,12/31/25
Agriculture & Environment,BMK,1/1/20,12/31/25
Agriculture & Environment,BMNT,1/1/20,12/31/25
Agriculture & Environment,BMLRT,1/1/20,12/31/25
Agriculture & Environment,BMVIT,1/1/20,12/31/25
Agriculture & Environment,BML,1/1/20,12/31/25
Agriculture & Environment,BMLUK,1/1/20,12/31/25
Agriculture & Environment,Klimaministerium,1/1/20,12/31/25
Agriculture & Environment,Umweltministerium,1/1/20,12/31/25
Agriculture & Environment,Landwirtschaftsministerium,1/1/20,12/31/25
Agriculture & Environment,Agrarministerium,1/1/20,12/31/25
Agriculture & Environment,Verkehrsministerium,1/1/20,12/31/25
Agriculture & Environment,Infrastrukturministerium,1/1/20,12/31/25
Agriculture & Environment,Nachhaltigkeitsministerium,1/1/20,12/31/25
Agriculture & Environment,Technologieministerium,1/1/20,12/31/25
Agriculture & Environment,Umweltressort,1/1/20,12/31/25
Agriculture & Environment,Klimaressort,1/1/20,12/31/25
Agriculture & Environment,Verkehrsressort,1/1/20,12/31/25
Agriculture & Environment,Agrarressort,1/1/20,12/31/25
Agriculture & Environment,Klimaministerin,1/1/20,12/31/25
Agriculture & Environment,Klimaminister,1/1/20,12/31/25
Agriculture & Environment,Umweltministerin,1/1/20,12/31/25
Agriculture & Environment,Umweltminister,1/1/20,12/31/25
Agriculture & Environment,Landwirtschaftsministerin,1/1/20,12/31/25
Agriculture & Environment,Landwirtschaftsminister,1/1/20,12/31/25
Agriculture & Environment,Agrarministerin,1/1/20,12/31/25
Agriculture & Environment,Agrarminister,1/1/20,12/31/25
Agriculture & Environment,Verkehrsministerin,1/1/20,12/31/25
Agriculture & Environment,Verkehrsminister,1/1/20,12/31/25
Agriculture & Environment,Infrastrukturministerin,1/1/20,12/31/25
Agriculture & Environment,Infrastrukturminister,1/1/20,12/31/25
Agriculture & Environment,Nachhaltigkeitsministerin,1/1/20,12/31/25
Agriculture & Environment,Nachhaltigkeitsminister,1/1/20,12/31/25
Agriculture & Environment,Tourismusministerin,1/1/20,7/17/22
Agriculture & Environment,Tourismusminister,1/1/20,7/17/22
Agriculture & Environment,Tourismusministerium,1/1/20,7/17/22
Agriculture & Environment,Energieministerin,1/1/20,3/31/25
Agriculture & Environment,Energieminister,1/1/20,3/31/25
Agriculture & Environment,Energieminsterium,1/1/20,3/31/25
"Arts, Culture & Civil Services",Bundesministerium für öffentlichen Dienst und Sport,1/1/20,12/31/25
"Arts, Culture & Civil Services","Bundesministerium für Kunst, Kultur, öffentlichen Dienst und Sport",1/1/20,12/31/25
"Arts, Culture & Civil Services","Bundesministerium für Wohnen, Kunst, Kultur, Medien und Sport",1/1/20,12/31/25
"Arts, Culture & Civil Services",BMKÖS,1/1/20,12/31/25
"Arts, Culture & Civil Services",BMKOES,1/1/20,12/31/25
"Arts, Culture & Civil Services",BMWKMS,1/1/20,12/31/25
"Arts, Culture & Civil Services",Kunstministerium,1/1/20,12/31/25
"Arts, Culture & Civil Services",Kulturministerium,1/1/20,12/31/25
"Arts, Culture & Civil Services",Sportministerium,1/1/20,12/31/25
"Arts, Culture & Civil Services",Kulturressort,1/1/20,12/31/25
"Arts, Culture & Civil Services",Sportressort,1/1/20,12/31/25
"Arts, Culture & Civil Services",Kunstministerin,1/1/20,12/31/25
"Arts, Culture & Civil Services",Kunstminister,1/1/20,12/31/25
"Arts, Culture & Civil Services",Kulturministerin,1/1/20,12/31/25
"Arts, Culture & Civil Services",Kulturminister,1/1/20,12/31/25
"Arts, Culture & Civil Services",Sportministerin,1/1/20,12/31/25
"Arts, Culture & Civil Services",Sportminister,1/1/20,12/31/25
"Arts, Culture & Civil Services",Medienministerin,4/1/25,12/31/25
"Arts, Culture & Civil Services",Medienminister,4/1/25,12/31/25
"Arts, Culture & Civil Services",Medienministerium,4/1/25,12/31/25
"Arts, Culture & Civil Services",Wohnbauministerin,4/1/25,12/31/25
"Arts, Culture & Civil Services",Wohnbauminister,4/1/25,12/31/25
"Arts, Culture & Civil Services",Wohnbauministerium,4/1/25,12/31/25